hash,timestamp,block_height,fee,inputs,outputs,input_values,output_values,input_script_type,output_script_type,input_script_bytes,output_script_bytes,input_pubkey_hex,output_pubkey_hex,input_sequence,output_sequence,locktime,version,size,weight,vsize,is_coinbase
"f1e2d3c4b5a6f1e2d3c4b5a6f1e2d3c4b5a6f1e2d3c4b5a6f1e2d3c4b5a6f1e2","1635000000",710000,0.00325,"[]","[""1F1tAaz5x1HUXrCNLbtMDqcw6o5GNn4xqX""]","[]","[1.0]","[]","[""P2PKH""]","[]","[""\\""0x76a914751e76e8199196d454941c45d1b3a323f1433bd688ac\\""\\""]","[]","[""\\""02a5613bd857b7048924264d1e70e08fb2a7e6527d32b7ab1bb993ac59964ff397\\""\\""]","[]","[""null""]",0,2,225,900,225,true
"e2d3c4b5a6f1e2d3c4b5a6f1e2d3c4b5a6f1e2d3c4b5a6f1e2d3c4b5a6f1e2d3","1635001000",710001,0.00432,"[""1A1zP1eP5QGefi2DMPTfTL5SLmv7DivfNa""]","[]","[0.5]","[]","[""P2PKH""]","[]","[""\\""0x76a914751e76e8199196d454941c45d1b3a323f1433bd688ac\\""\\""]","[]","[""\\""02a5613bd857b7048924264d1e70e08fb2a7e6527d32b7ab1bb993ac59964ff397\\""\\""]","[]","[""4294967295""]","[]",0,2,225,900,225,false
"d3c4b5a6f1e2d3c4b5a6f1e2d3c4b5a6f1e2d3c4b5a6f1e2d3c4b5a6f1e2d3c4","1635002000",710002,0.00543,"[""1BvBMSEYstWetqTFn5Au4m4GFg7xJaNVN2""]","[""None""]","[0.3]","[0.2997]","[""P2PKH""]","[""P2PKH""]","[""\\""0x76a914751e76e8199196d454941c45d1b3a323f1433bd688ac\\""\\""]","[""\\""0x76a914751e76e8199196d454941c45d1b3a323f1433bd688ac\\""\\""]","[""\\""02a5613bd857b7048924264d1e70e08fb2a7e6527d32b7ab1bb993ac59964ff397\\""\\""]","[""\\""02a5613bd857b7048924264d1e70e08fb2a7e6527d32b7ab1bb993ac59964ff397\\""\\""]","[""4294967295""]","[""null""]",0,2,225,900,225,false
"c4b5a6f1e2d3c4b5a6f1e2d3c4b5a6f1e2d3c4b5a6f1e2d3c4b5a6f1e2d3c4b5","1635003000",710003,0.00654,"[""None"", ""1HLoD9E4SDFFPDiYfNYnkBLQ85Y51J3Zb1""]","[""1JfbZRwdDHKZmuiZgYArJZhcuuzuw2HuMu""]","[0.2, 0.3]","[0.4997]","[""P2PKH"", ""P2PKH""]","[""P2PKH""]","[""\\""0x76a914751e76e8199196d454941c45d1b3a323f1433bd688ac\\""\\"", ""\\""0x76a914751e76e8199196d454941c45d1b3a323f1433bd688ac\\""\\""]","[""\\""0x76a914751e76e8199196d454941c45d1b3a323f1433bd688ac\\""\\""]","[""\\""02a5613bd857b7048924264d1e70e08fb2a7e6527d32b7ab1bb993ac59964ff397\\""\\"", ""\\""02a5613bd857b7048924264d1e70e08fb2a7e6527d32b7ab1bb993ac59964ff397\\""\\""]","[""\\""02a5613bd857b7048924264d1e70e08fb2a7e6527d32b7ab1bb993ac59964ff397\\""\\""]","[""4294967295"", ""4294967295""]","[""null""]",0,2,225,900,225,false
"b5a6f1e2d3c4b5a6f1e2d3c4b5a6f1e2d3c4b5a6f1e2d3c4b5a6f1e2d3c4b5a6","1635004000",710004,0.00765,"[""1F1tAaz5x1HUXrCNLbtMDqcw6o5GNn4xqX""]","[""1A1zP1eP5QGefi2DMPTfTL5SLmv7DivfNa""]","[1.0]","[0.9923]","[""P2PKH""]","[""P2PKH""]","[""\\""0x76a914751e76e8199196d454941c45d1b3a323f1433bd688ac\\""\\""]","[""\\""0x76a914751e76e8199196d454941c45d1b3a323f1433bd688ac\\""\\""]","[""\\""02a5613bd857b7048924264d1e70e08fb2a7e6527d32b7ab1bb993ac59964ff397\\""\\""]","[""\\""02a5613bd857b7048924264d1e70e08fb2a7e6527d32b7ab1bb993ac59964ff397\\""\\""]","[""4294967295""]","[""null""]",0,2,225,900,225,false
"a6f1e2d3c4b5a6f1e2d3c4b5a6f1e2d3c4b5a6f1e2d3c4b5a6f1e2d3c4b5a6f1","1635005000",710005,0.00876,"[""1BvBMSEYstWetqTFn5Au4m4GFg7xJaNVN2""]","[""1A1zP1eP5QGefi2DMPTfTL5SLmv7DivfNa"", ""1HLoD9E4SDFFPDiYfNYnkBLQ85Y51J3Zb1"", ""1JfbZRwdDHKZmuiZgYArJZhcuuzuw2HuMu"", ""1GrLCmVQXoyMdKLCTYSQdUdaKqTEiTgFds"", ""bc1qw508d6qejxtdg4y5r3zarvary0c5xw7kv8f3t4"", ""bc1qar0srrr7xfkvy5l643lydnw9re59gtzzwf5mdq"", ""bc1qc7slrfxkknqcq2jevvvkdgvrt8080852dfjewde450xdlk4ugp7szw5tk9"", ""bc1qrp33g0q5c5txsp9arysrx4k6zdkfs4nce4xj0gdcccefvpysxf3qccfmv3"", ""3P14159f73E4gFr7JterCCQh9QjiTjiZrG"", ""3Cbq7aT1tY8kMxWLbitaG7yT6bPbKChq64"", ""bc1qxy2kgdygjrsqtzq2n0yrf2493p83kkfjhx0wlh""]","[0.5]","[0.045, 0.045, 0.045, 0.045, 0.045, 0.045, 0.045, 0.045, 0.045, 0.045, 0.045]","[""P2PKH""]","[""P2PKH"", ""P2PKH"", ""P2PKH"", ""P2PKH"", ""P2WPKH"", ""P2WPKH"", ""P2WSH"", ""P2WSH"", ""P2SH"", ""P2SH"", ""P2WPKH""]","[""\\""0x76a914751e76e8199196d454941c45d1b3a323f1433bd688ac\\""\\""]","[""\\""0x76a914751e76e8199196d454941c45d1b3a323f1433bd688ac\\""\\"", ""\\""0x76a914751e76e8199196d454941c45d1b3a323f1433bd688ac\\""\\"", ""\\""0x76a914751e76e8199196d454941c45d1b3a323f1433bd688ac\\""\\"", ""\\""0x76a914751e76e8199196d454941c45d1b3a323f1433bd688ac\\""\\"", ""\\""0x0014751e76e8199196d454941c45d1b3a323f1433bd6\\""\\"", ""\\""0x0014c3d320e1d62c8e3e6613fd3dbf9489c42b3e93fb\\""\\"", ""\\""0x00201863143c14c5166804bd19203356da136c985678cd4d27a1b8c6329604903262\\""\\"", ""\\""0x00201863143c14c5166804bd19203356da136c985678cd4d27a1b8c6329604903262\\""\\"", ""\\""0xa9144e71c1e5ca5dbcb3cb0fb0e6d499f8f49db8e3c187\\""\\"", ""\\""0xa9144e71c1e5ca5dbcb3cb0fb0e6d499f8f49db8e3c187\\""\\"", ""\\""0x0014751e76e8199196d454941c45d1b3a323f1433bd6\\""\\""]","[""\\""02a5613bd857b7048924264d1e70e08fb2a7e6527d32b7ab1bb993ac59964ff397\\""\\""]","[""\\""02a5613bd857b7048924264d1e70e08fb2a7e6527d32b7ab1bb993ac59964ff397\\""\\"", ""\\""02a5613bd857b7048924264d1e70e08fb2a7e6527d32b7ab1bb993ac59964ff397\\""\\"", ""\\""02a5613bd857b7048924264d1e70e08fb2a7e6527d32b7ab1bb993ac59964ff397\\""\\"", ""\\""02a5613bd857b7048924264d1e70e08fb2a7e6527d32b7ab1bb993ac59964ff397\\""\\"", ""\\""03a34b99f22c790c4e36b2b3c2c35a36db06226e41c692fc82b8b56ac1c540c5bd\\""\\"", ""\\""03a34b99f22c790c4e36b2b3c2c35a36db06226e41c692fc82b8b56ac1c540c5bd\\""\\"", ""\\""5221023da092f6980e58d2c037173180e9a465476026ee50f96695963e8efe436f54eb21030e9f7b623d2ccc7c9bd44d66d5ce21ce504c0acf6385a132cec6d3c39fa711c152ae\\""\\"", ""\\""5221023da092f6980e58d2c037173180e9a465476026ee50f96695963e8efe436f54eb21030e9f7b623d2ccc7c9bd44d66d5ce21ce504c0acf6385a132cec6d3c39fa711c152ae\\""\\"", ""\\""5221023da092f6980e58d2c037173180e9a465476026ee50f96695963e8efe436f54eb21030e9f7b623d2ccc7c9bd44d66d5ce21ce504c0acf6385a132cec6d3c39fa711c152ae\\""\\"", ""\\""5221023da092f6980e58d2c037173180e9a465476026ee50f96695963e8efe436f54eb21030e9f7b623d2ccc7c9bd44d66d5ce21ce504c0acf6385a132cec6d3c39fa711c152ae\\""\\"", ""\\""03a34b99f22c790c4e36b2b3c2c35a36db06226e41c692fc82b8b56ac1c540c5bd\\""\\""]","[""4294967295""]","[""null"", ""null"", ""null"", ""null"", ""null"", ""null"", ""null"", ""null"", ""null"", ""null"", ""null""]",0,2,225,900,225,false
"f1e2d3c4b5a6f1e2d3c4b5a6f1e2d3c4b5a6f1e2d3c4b5a6f1e2d3c4b5a6f1e3","1635006000",710006,0.00987,"[""1A1zP1eP5QGefi2DMPTfTL5SLmv7DivfNa""]","[""1BvBMSEYstWetqTFn5Au4m4GFg7xJaNVN2"", ""1HLoD9E4SDFFPDiYfNYnkBLQ85Y51J3Zb1"", ""1JfbZRwdDHKZmuiZgYArJZhcuuzuw2HuMu"", ""1GrLCmVQXoyMdKLCTYSQdUdaKqTEiTgFds"", ""bc1qw508d6qejxtdg4y5r3zarvary0c5xw7kv8f3t4"", ""bc1qar0srrr7xfkvy5l643lydnw9re59gtzzwf5mdq""]","[0.5]","[0.08, 0.08, 0.08, 0.08, 0.08, 0.08]","[""P2PKH""]","[""P2PKH"", ""P2PKH"", ""P2PKH"", ""P2PKH"", ""P2WPKH"", ""P2WPKH""]","[""\\""0x76a914751e76e8199196d454941c45d1b3a323f1433bd688ac\\""\\""]","[""\\""0x76a914751e76e8199196d454941c45d1b3a323f1433bd688ac\\""\\"", ""\\""0x76a914751e76e8199196d454941c45d1b3a323f1433bd688ac\\""\\"", ""\\""0x76a914751e76e8199196d454941c45d1b3a323f1433bd688ac\\""\\"", ""\\""0x76a914751e76e8199196d454941c45d1b3a323f1433bd688ac\\""\\"", ""\\""0x0014751e76e8199196d454941c45d1b3a323f1433bd6\\""\\"", ""\\""0x0014c3d320e1d62c8e3e6613fd3dbf9489c42b3e93fb\\""\\""]","[""\\""02a5613bd857b7048924264d1e70e08fb2a7e6527d32b7ab1bb993ac59964ff397\\""\\""]","[""\\""02a5613bd857b7048924264d1e70e08fb2a7e6527d32b7ab1bb993ac59964ff397\\""\\"", ""\\""02a5613bd857b7048924264d1e70e08fb2a7e6527d32b7ab1bb993ac59964ff397\\""\\"", ""\\""02a5613bd857b7048924264d1e70e08fb2a7e6527d32b7ab1bb993ac59964ff397\\""\\"", ""\\""02a5613bd857b7048924264d1e70e08fb2a7e6527d32b7ab1bb993ac59964ff397\\""\\"", ""\\""03a34b99f22c790c4e36b2b3c2c35a36db06226e41c692fc82b8b56ac1c540c5bd\\""\\"", ""\\""03a34b99f22c790c4e36b2b3c2c35a36db06226e41c692fc82b8b56ac1c540c5bd\\""\\""]","[""4294967295""]","[""null"", ""null"", ""null"", ""null"", ""null"", ""null""]",0,2,225,900,225,false
"e2d3c4b5a6f1e2d3c4b5a6f1e2d3c4b5a6f1e2d3c4b5a6f1e2d3c4b5a6f1e2d4","1635007000",710007,0.00098,"[""1BvBMSEYstWetqTFn5Au4m4GFg7xJaNVN2""]","[""1A1zP1eP5QGefi2DMPTfTL5SLmv7DivfNa"", ""1HLoD9E4SDFFPDiYfNYnkBLQ85Y51J3Zb1""]","[0.5]","[0.1, 0.3999]","[""P2PKH""]","[""P2PKH"", ""P2PKH""]","[""\\""0x76a914751e76e8199196d454941c45d1b3a323f1433bd688ac\\""\\""]","[""\\""0x76a914751e76e8199196d454941c45d1b3a323f1433bd688ac\\""\\"", ""\\""0x76a914751e76e8199196d454941c45d1b3a323f1433bd688ac\\""\\""]","[""\\""02a5613bd857b7048924264d1e70e08fb2a7e6527d32b7ab1bb993ac59964ff397\\""\\""]","[""\\""02a5613bd857b7048924264d1e70e08fb2a7e6527d32b7ab1bb993ac59964ff397\\""\\"", ""\\""02a5613bd857b7048924264d1e70e08fb2a7e6527d32b7ab1bb993ac59964ff397\\""\\""]","[""4294967295""]","[""null"", ""null""]",50,2,225,900,225,false
"d3c4b5a6f1e2d3c4b5a6f1e2d3c4b5a6f1e2d3c4b5a6f1e2d3c4b5a6f1e2d3c5","1635008000",710008,0.00109,"[""1HLoD9E4SDFFPDiYfNYnkBLQ85Y51J3Zb1"", ""1JfbZRwdDHKZmuiZgYArJZhcuuzuw2HuMu"", ""1GrLCmVQXoyMdKLCTYSQdUdaKqTEiTgFds"", ""bc1qw508d6qejxtdg4y5r3zarvary0c5xw7kv8f3t4"", ""bc1qar0srrr7xfkvy5l643lydnw9re59gtzzwf5mdq"", ""bc1qc7slrfxkknqcq2jevvvkdgvrt8080852dfjewde450xdlk4ugp7szw5tk9""]","[""1A1zP1eP5QGefi2DMPTfTL5SLmv7DivfNa"", ""1BvBMSEYstWetqTFn5Au4m4GFg7xJaNVN2"", ""1HLoD9E4SDFFPDiYfNYnkBLQ85Y51J3Zb1"", ""1JfbZRwdDHKZmuiZgYArJZhcuuzuw2HuMu"", ""1GrLCmVQXoyMdKLCTYSQdUdaKqTEiTgFds"", ""bc1qw508d6qejxtdg4y5r3zarvary0c5xw7kv8f3t4""]","[0.1, 0.1, 0.1, 0.1, 0.1, 0.1]","[0.1, 0.1, 0.1, 0.1, 0.1, 0.0989]","[""P2PKH"", ""P2PKH"", ""P2PKH"", ""P2WPKH"", ""P2WPKH"", ""P2WSH""]","[""P2PKH"", ""P2PKH"", ""P2PKH"", ""P2PKH"", ""P2PKH"", ""P2WPKH""]","[""\\""0x76a914751e76e8199196d454941c45d1b3a323f1433bd688ac\\""\\"", ""\\""0x76a914751e76e8199196d454941c45d1b3a323f1433bd688ac\\""\\"", ""\\""0x76a914751e76e8199196d454941c45d1b3a323f1433bd688ac\\""\\"", ""\\""0x0014751e76e8199196d454941c45d1b3a323f1433bd6\\""\\"", ""\\""0x0014c3d320e1d62c8e3e6613fd3dbf9489c42b3e93fb\\""\\"", ""\\""0x00201863143c14c5166804bd19203356da136c985678cd4d27a1b8c6329604903262\\""\\""]","[""\\""0x76a914751e76e8199196d454941c45d1b3a323f1433bd688ac\\""\\"", ""\\""0x76a914751e76e8199196d454941c45d1b3a323f1433bd688ac\\""\\"", ""\\""0x76a914751e76e8199196d454941c45d1b3a323f1433bd688ac\\""\\"", ""\\""0x76a914751e76e8199196d454941c45d1b3a323f1433bd688ac\\""\\"", ""\\""0x76a914751e76e8199196d454941c45d1b3a323f1433bd688ac\\""\\"", ""\\""0x0014751e76e8199196d454941c45d1b3a323f1433bd6\\""\\""]","[""\\""02a5613bd857b7048924264d1e70e08fb2a7e6527d32b7ab1bb993ac59964ff397\\""\\"", ""\\""02a5613bd857b7048924264d1e70e08fb2a7e6527d32b7ab1bb993ac59964ff397\\""\\"", ""\\""02a5613bd857b7048924264d1e70e08fb2a7e6527d32b7ab1bb993ac59964ff397\\""\\"", ""\\""03a34b99f22c790c4e36b2b3c2c35a36db06226e41c692fc82b8b56ac1c540c5bd\\""\\"", ""\\""03a34b99f22c790c4e36b2b3c2c35a36db06226e41c692fc82b8b56ac1c540c5bd\\""\\"", ""\\""5221023da092f6980e58d2c037173180e9a465476026ee50f96695963e8efe436f54eb21030e9f7b623d2ccc7c9bd44d66d5ce21ce504c0acf6385a132cec6d3c39fa711c152ae\\""\\""]","[""\\""02a5613bd857b7048924264d1e70e08fb2a7e6527d32b7ab1bb993ac59964ff397\\""\\"", ""\\""02a5613bd857b7048924264d1e70e08fb2a7e6527d32b7ab1bb993ac59964ff397\\""\\"", ""\\""02a5613bd857b7048924264d1e70e08fb2a7e6527d32b7ab1bb993ac59964ff397\\""\\"", ""\\""02a5613bd857b7048924264d1e70e08fb2a7e6527d32b7ab1bb993ac59964ff397\\""\\"", ""\\""02a5613bd857b7048924264d1e70e08fb2a7e6527d32b7ab1bb993ac59964ff397\\""\\"", ""\\""03a34b99f22c790c4e36b2b3c2c35a36db06226e41c692fc82b8b56ac1c540c5bd\\""\\""]","[""4294967295"", ""4294967295"", ""4294967295"", ""4294967295"", ""4294967295"", ""4294967295""]","[""null"", ""null"", ""null"", ""null"", ""null"", ""null""]",0,2,225,900,225,false
"c4b5a6f1e2d3c4b5a6f1e2d3c4b5a6f1e2d3c4b5a6f1e2d3c4b5a6f1e2d3c4b6","1635009000",710009,0.00211,"[""1A1zP1eP5QGefi2DMPTfTL5SLmv7DivfNa""]","[""1BvBMSEYstWetqTFn5Au4m4GFg7xJaNVN2""]","[0.5]","[0.4979]","[""P2PKH""]","[""P2PKH""]","[""\\""0x76a914751e76e8199196d454941c45d1b3a323f1433bd688ac\\""\\""]","[""\\""0x76a914751e76e8199196d454941c45d1b3a323f1433bd688ac\\""\\""]","[""\\""02a5613bd857b7048924264d1e70e08fb2a7e6527d32b7ab1bb993ac59964ff397\\""\\""]","[""\\""02a5613bd857b7048924264d1e70e08fb2a7e6527d32b7ab1bb993ac59964ff397\\""\\""]","[""1000""]","[""null""]",0,2,225,900,225,false 